-- phpMyAdmin SQL Dump
-- version 5.1.2
-- https://www.phpmyadmin.net/
--
-- 主機： localhost:3306
-- 產生時間： 2022-08-24 03:03:28
-- 伺服器版本： 5.7.24
-- PHP 版本： 8.0.1

SET SQL_MODE = "NO_AUTO_VALUE_ON_ZERO";
START TRANSACTION;
SET time_zone = "+00:00";


/*!40101 SET @OLD_CHARACTER_SET_CLIENT=@@CHARACTER_SET_CLIENT */;
/*!40101 SET @OLD_CHARACTER_SET_RESULTS=@@CHARACTER_SET_RESULTS */;
/*!40101 SET @OLD_COLLATION_CONNECTION=@@COLLATION_CONNECTION */;
/*!40101 SET NAMES utf8mb4 */;

--
-- 資料庫: `yjtalk`
--

-- --------------------------------------------------------

--
-- 資料表結構 `chatroom`
--

CREATE TABLE `chatroom` (
  `RoomNumber` int(11) NOT NULL,
  `RoomName` varchar(100) DEFAULT NULL,
  `RoomFile` blob
) ENGINE=InnoDB DEFAULT CHARSET=utf8;

--
-- 傾印資料表的資料 `chatroom`
--

INSERT INTO `chatroom` (`RoomNumber`, `RoomName`, `RoomFile`) VALUES
(1, '12', NULL),
(2, '13', NULL),
(3, '23', NULL),
(4, '24', NULL),
(5, '14', NULL),
(6, '82', NULL),
(7, '73', NULL),
(8, '72', NULL),
(9, '29', NULL),
(10, '124', NULL),
(11, '74', NULL),
(12, '712', NULL),
(13, '114', NULL);

-- --------------------------------------------------------

--
-- 資料表結構 `friendlist`
--

CREATE TABLE `friendlist` (
  `FriendNumber` varchar(100) NOT NULL,
  `User` int(10) NOT NULL,
  `Friend` int(10) NOT NULL,
  `FriendCondition` varchar(2) NOT NULL
) ENGINE=InnoDB DEFAULT CHARSET=utf8;

--
-- 傾印資料表的資料 `friendlist`
--

INSERT INTO `friendlist` (`FriendNumber`, `User`, `Friend`, `FriendCondition`) VALUES
('114', 1, 14, '1'),
('12', 1, 2, '1'),
('122', 12, 2, '1'),
('123', 12, 3, '1'),
('124', 12, 4, '1'),
('127', 12, 7, '1'),
('128', 12, 8, '1'),
('129', 12, 9, '1'),
('13', 1, 3, '1'),
('132', 13, 2, '1'),
('14', 1, 4, '1'),
('141', 14, 1, '1'),
('17', 1, 7, '1'),
('18', 1, 8, '1'),
('19', 1, 9, '1'),
('21', 2, 1, '1'),
('23', 2, 3, '1'),
('24', 2, 4, '1'),
('27', 2, 7, '1'),
('29', 2, 9, '1'),
('32', 3, 2, '1'),
('412', 4, 12, '1'),
('712', 7, 12, '1'),
('72', 7, 2, '1'),
('73', 7, 3, '1'),
('74', 7, 4, '1'),
('82', 8, 2, '1'),
('83', 8, 3, '1');

-- --------------------------------------------------------

--
-- 資料表結構 `message`
--

CREATE TABLE `message` (
  `RoomNumber` int(10) NOT NULL,
  `MessageNumber` int(255) NOT NULL,
  `Sender` int(10) NOT NULL,
  `Context` varchar(1024) NOT NULL,
  `SendTime` datetime NOT NULL DEFAULT CURRENT_TIMESTAMP,
  `ReceiveTime` datetime NOT NULL DEFAULT CURRENT_TIMESTAMP,
  `ReadTime` datetime NOT NULL DEFAULT CURRENT_TIMESTAMP
) ENGINE=InnoDB DEFAULT CHARSET=utf8;

-- --------------------------------------------------------

--
-- 資料表結構 `roommember`
--

CREATE TABLE `roommember` (
  `RoomNumber` int(10) NOT NULL,
  `MemberNumber` int(10) NOT NULL,
  `RoomType` int(2) NOT NULL
) ENGINE=InnoDB DEFAULT CHARSET=utf8;

--
-- 傾印資料表的資料 `roommember`
--

INSERT INTO `roommember` (`RoomNumber`, `MemberNumber`, `RoomType`) VALUES
(1, 1, 1),
(1, 2, 1),
(2, 1, 1),
(2, 3, 1),
(3, 2, 1),
(3, 3, 1),
(4, 2, 1),
(4, 4, 1),
(5, 1, 1),
(5, 4, 1),
(6, 2, 1),
(6, 8, 1),
(7, 3, 1),
(7, 7, 1),
(8, 2, 1),
(8, 7, 1),
(9, 2, 1),
(9, 9, 1),
(10, 4, 1),
(10, 12, 1),
(11, 4, 1),
(11, 7, 1),
(12, 7, 1),
(12, 12, 1),
(13, 1, 1),
(13, 14, 1);

-- --------------------------------------------------------

--
-- 資料表結構 `userdata`
--

CREATE TABLE `userdata` (
  `UserNumber` int(10) NOT NULL,
  `UserID` varchar(50) NOT NULL,
  `UserAccount` varchar(50) NOT NULL,
  `UserPassword` varchar(50) NOT NULL,
  `UserName` varchar(100) NOT NULL,
  `UserIcon` blob,
  `UserTel` varchar(10) NOT NULL,
  `UserIP` varchar(20) DEFAULT NULL,
  `UserCondition` varchar(30) DEFAULT '已離線'
) ENGINE=InnoDB DEFAULT CHARSET=utf8;

--
-- 傾印資料表的資料 `userdata`
--

INSERT INTO `userdata` (`UserNumber`, `UserID`, `UserAccount`, `UserPassword`, `UserName`, `UserIcon`, `UserTel`, `UserIP`, `UserCondition`) VALUES
(1, 'yajuan', 'yajuan@gmail.com', '1234', '雅絹', 0x89504e470d0a1a0a0000000d4948445200000040000000400806000000aa6971de000008af4944415478dadd9b096c1cd519c7ff7bd9593b76e2fb08c64e9af8a0a60949a590104ca12d49e4420441add4424a8eb66a11550f554508b56a0b2ab4a884a2242581242250b51541a16a2084b48d68da1c2207b96ca7b6b3be76edc4b7d7bbb33b57bfe71dafedf5def3c66bfaad3ebdd5ec9bd9f97ef3def7beefbd3726182cc327e65551b18a7429693569056911694e48d501d21e52076923e927a427b3d70c3519797f26030cb650f125d28da4f5a4a53a2fe9243d4c7a90f418019167250032bc988aef926ee360743418af91ee2210ddb30200195e42c533a45b48e7186478a808a47b499f2510ae940020c36d54fc48337eee0c191e2a6e0681f47704429c310064fc322a0e90d6a6c8f050b94cfa1841b860380032fe492a7e4b9a9e6aab43c447fa1382f08a2100c8f0342a76937e33d596c690fda4df21107e6e00c8f80c2ade456078fb34c831d20d04c1a31b8066fc3f4857a6daaa04e534e97db1204405a0357b16847c5a9e7ca8b096501fad3bc402b08f8ac7536d854ed94f0036270c40f3f6bf4ff5dd7392ef471a1dc202d0c6f953987d435db2c286c83bc3c509d3006811de39cc9e208797b060697968c4180ec04fa9783ed5776b903c45005e8808404b6cae2175b1bdd1c27287cac9095428801d547c2fd57769b0ec24004f4c03a0e5f30efcff38be48c252e985e3f3099301fc828a9fcdc41da8b209268b9a4a08bf24003f0f02d0a6b1da61dc4c0ea4d66c48670b21b7937bf15901b302b56814b8ad0f192b7a61c92c477a39f13799a1781a20de3c08556831ea76d8ccd2ad6c7a6d1cc05a2a8e18f14fec69fb0f5740ba9c17b18e923f0acbc3cdc85a7c0fecd56f50ebc880aac8f03977416c638d5231e2d6d611800fc601b034f75b46fc8b706811e4abb931ebf9e70a706fb882b23bbe86ac9a3f048f7bbade84afe509582ddce76ff710806f8f03e88201cd5f6a9c0fdf3b8be3ae3fb8a807fd2b1cb8bdfe18b20a2692cfff1e7f04f3940f614fe70ac149001698b479fb46dec633f1be5105a5332beefa2af985d6fa7328a8fd062ad7ec081eefef3c8a860f37a2acd8849c6c33cf5bac66001ea72ffb781baf8a66785ebc83be24f6d49cab9aa0d414e2f31bcf068f49fe219c7cf396b1eff939262c28a051c4c4a5356c66005ea22f3fe00d40194c8377e7e7123eefc63207dc3502563fda39e5f8bff64eb4a44c3b50516a86cdaa1bc27606e07dfab28e3b80111bbcaf2c4df8bc9e152df05653eaf6f5ebc163bed14e9cf973cd947a366b0042a65d1784230c4003026b76dc65f42502e0b525744efb172fc17edb4adcbeeeafc163aea6fd68fef793d3ea32d34b0b4d28c849da2f343200fd98be50c9457c47cb207d5c147ffd2c0fdabf7c098befda8e92eaad63c71449c0b943abe01d6e8e785e4eb60965452698cd09b7860106c0b09854755be1d9534badc01abb2e7d9cabc90156e661f943a760b1dac782a1a68fb6e166ebdb31cfb75306b370811969b6c420180a8089dc9605e12f140b8896a8f57a6bdbe1596ec567ef3f88cc9c407f6f3fff3cda2fbc005595e2fa2f0bf58472f20bd999f143301c0013e91a05441411420adf57fb2b9de8abed405a4631f2cabf32d6fc3373031352a2d08f9ee6b7d075e965f8bd3d71fd5f71be0945b966c433521a0640154d902ee6433a5f00e546466c4873fc18beb517838bbb21db45e4576cc0a295bf417a6620409545371c677f05e7d59d71fd7f7626b58612332c314268439ca0742517febfdf423e202de173158a060797b8d05fd3058b7d1eaaee790db9656b83bff7b6fd0d4dc7b74091bd31af954e035005f9852821f400d76190457fbec3e594fce4e9be962fdb03d7aa6b10b34454d5ed41e167be1afc6dd0791c978f3e4c4e32f68a381b18a284d08ddc022155b040f8d312284e7ed389529a88aeba068839126ad71ec2fc92bae06faec6d7d1fc9ff803d8020aa14ba787d047b884c22ce717fe5809a523fec42711081df75d81297f3e563c741ab63913adebd29107a935fc33ee6bcdb5074689f1105a51d5ed5c9221d6dfc5d3c5dc8d1f1761fe283aeebd82a2eac7a66489eebe4f70fedd35095d6b7208ed17d5cdbad361d99501611f1bb7b94f584c1116270c5475532b38838c9c099775f1bdf518ea3e91d0b5d89d2e188b1c291d6607f44c88b07e2fb7ce33d47826b24d8263fd0514d66ec292bb26962c9d0dbbd172f2c7c95cb2bb6eabbb44d79498d23b07dedd33b7827673a90323351e54d6bd4a4f31d0e2bc23d771fdccd3c95cee7502b04dd7a4a8ffa35288270c9b489e26debc11747ee12aafcbd51380f7744d8b7b0f5419e2f923896a52d1f2e0c750adfa6689c9681785bf650440d6b530323a64469b5381145faec245149bccc3df3e47c63fa3c1080260e3189b864968b7270d2568ed5220f8660e824ef191d10befdeea764d01a041486a71545654b4bb140cb9536d5b6ca14070d7dd5bdc411bb92d8fabd4a9bafb14f4f4a574cd2f968c12804a02e00c0b4083a06b83c4c030b5866e650cc86c1332fe6932fed7538e8501a07b8b8c4750719dfc823883ce31a6f1c0557a26cbc8f945df22a341d0bd494a9402103c42aa4d1f13e6f85693e33b17064c78e1b14d4e21e7d8d1a38e758b540a35fd1f52d3df1ef6b76827f2da2879a35f81f3666a2090f107c8f84d117f8f0180db56d921b78a361a2a154396fa230adbe3bc9efa7d725b653508dc364b0bbe40d0e44feadd8ec4849efc191a89ee25e393df2c1d0281cb76794956e1a0f0d91d7323bb2e610fec8158c6c70d4083c0bac3abe0e013547a349d3754f40df2f70baccfd3e5b7456bf64901980482db2b33bd830aba7ad8a21817f191f14f45f2f6dc006810b8bd3435e2a12e417e41d6e11c599043c5a334ce9f4fe2dce484e76b733e7f206812e26ab45384c5f6cf51937f3134c2331cc024105c5e9c6419259b5b181e8dabba4086b318e5d9c9894d4a004c02a1fbd5599640b97a150a9cc27b056d26672f953bc6f379bd322b5f9eee1f56d0d1ad8e67946c4f2f0bc6de21fd804d63f1bc5f6327f391f8ebf38aaa3a64098d7dc3eac5fe21f5d49d9bdc0d46dedfff00d9a685ac61dd40660000000049454e44ae426082, '0912345678', '10.0.104.95', '在線上'),
(2, 'aaa', 'aaa@gmail.com', '1234', '怡君', 0x89504e470d0a1a0a0000000d4948445200000040000000400806000000aa6971de00000a174944415478dae59b095454d719c7ffb3c0b0ccc822020a2a8b88184fec416c24b641739a182336312e494caa9e26a6358941a3d656d2d6543486aad1931e97d353dca0c6b6589bbadb9a1e65f1584513822c2a880c8465d80706c659fa5d780cb33133306f949ef9cef9ce7deff2dee57ebfb9f7bbdf5d9e002e96f84b7f0ea3e469d2a9a471a411a4c1a401a412eeb16ed266d27ad2fba4c5a45f93e6153cbbb4da95f513b8c060566622e922d21749273af17ff4a465a46748ff469a4f40f4c3120019ee4fc94a4e63f8aca491dc21fd235302d1322c0090e1ac29af275d4d2a7391e1e6d24efa39e90e02d1fc580090e1424a7e46ba8574e42332dc5c1a497f4d7a8040e81e1900329e35f1c3e8edebc341f2499713843b2e0740c6bf49c93e52e9e3b6da4c94a4ab0842a64b00704d7e2769ca60de7bc4c246883da4eb1ced120e1942c67b52728cf495c76da1837282f47582a0761a0067fc49d2b98fdbaa41ca59d297ed41b009806bf67fc5ffcf2f6f2eac252cb6d51dec01f88c92358fdb0a27653701583b68009cb73f82e1ebf01c15e618970d343a58358e1be70b30fc86baa10a1b22e3adc5091600b87e9f83e113e4f0252c58fa81b93fb0066015257b5d5103814e8bf17239c6d5c811d4d408efae2ed42b9ad1ede38bd69060d44647a32e2212100a5d05e15d02b06f4000dcc4863513de63fb09e5f79078f33a649d1d26f9b5d57526f74a7f7f7c3bfb59d4c4c6f65650ab85a74a05b58f0ff4ce8361738718e309943980ad946ce2d370814e87a4fc1c4c2ebf6bf5efe6009830af757feaf77ade0d2b2d81875a0d8d8707e54d4551d22c68e9da09d94600522d0070f3f907e0794afb0c193fe56ed9807fb706c09628c2c391f3daebd089c543ad129b4a8feb5b4f3006b08192743e8d1f27afc2bc4b1720100c3c920e160093d2a766a068f66c67aaf60b02f07b03006e19ab143cafe42c38fb4f8c5634d87ca60f8097cc0f5dedad0e95ab235f70f6ddf7d02d1df228cdfc5c2c5b5eeb03c0162d73f934de879cddf2ece376a32806c03f780c2263a6e066ee0587cbbffaf202d44c9ae44c15671280bc3e00bb2859eb4c69e6125e2dc78f2f591a24108aa0a7e1b04fbe23000b96a540e221c1f13f39de036f3e3f0715f1f1ce54f13302f0611f80124a62f904105d518e3939ff31c91b111882b0a8c928befe95212f2c2a1e3f7aee15e8f57a7c91f5391e94153a54fe8d17e7a1f2c9279da96229019824e0d6edabc073cc6f0ec05bea871796ae41f9b7d7702bef2c02468d41dcb4598819176770929daa0e1c3fba07f5f20abbe5e72c7915f55151ce54918db6631980c574f1173e8d37071034261249f35740ea17081d357f8140d83f32b49a3a3e8d5683ff5efb0a8505b968aaab1ef05739434eb06bc40867abb9840148a38b54674bb22859e88ba56a21bc7ca40818196ac8efa6a026fdf0116c58f61378492406009575f5f8f26a3e56bff492e1d9ceae4e343635a0e0eabf51722bbfbf0c8a0a4faffe80daacd38d762b03900d172c78fc7dd4648c114b4cf27414d9bdbffd53945656627fea266afee37a0034b4b42265ef5e28dada702a6d0b3ccd829c86c63a64ecf9c8705f171989dc575fe3a39a2718801b74e1943bb5265f044d42a487b745feb5a22234b7b6e1f9c419bddd8000300778e146010264527c3fd6d217cbbf7b80ac7d5b0cf7c53367a2f887cff051cd02068039c070be01a4f947e039ef00fb0fb6da0f7e6e7d9d8ff3d91986fbdcc54b504733471e44ce00b0c5025fbe01247acab03b30da7e3fb50380b58ecc43bb505351d27b4f7afa83949ed9210fd2c1003ca48b21cf2c6cc932df602c9786424ac1cf5000b4eab5c8fdd749145e3967c85351f87bf6fdd57c5551e352004c6649fcf069a08df1da06800fbb6ae1bb6f17a4cdfdfb9f8ab16371f98d377905e0922ed0279e34929f09990299b09fb1bea5850d09bd371ddc0289500081b47f26de42bf7eb2aa12b30eec87cc08404d4c0cae2e5cc457f53a5ce6048de51dea066fc9461beeb52525d0cbab4c9e11040743343ec2707f40dd840c4d0b928e1ec1c8eafe43220d34745e59fa065f5593bb6c183416994084ec5171f013712b39e4d874ec576d6f03baba68eae80ba14c6670984d3a0d167555a1835c5e6c6e2e9eb872d950165b193afff355e8f6e5a5d116b82c103297c3d2f1889506582e8e98f900e6f58b94cd784bd47b0044449163525626fcebfa174eda468e4479fc34b48484a029dca9c67bc265a1b0b9647a85214a2285d0dbdb14821100667cb752890a75275678f72f9e8abbbb31292f17e3bf298444d5d993c746831bf3e6a13ed2a909d156974d86ac0188114aa0158b20f0f681b06f859703a0a14992868c17ab1fe28e406b02c08810bce81901a52aa32ee3842c71d974d858264afd91ee1386506527fd130198ffd7d34448e8e9091d01d0901f10a8541092612cd0a90f0ac05a7d132a55edaeaa520f4eb0e930bb72c5828858a98247e15d787c5386f4751b317dfa74a8db5aa193574344ce8f81603578a85040c8d546101404310d73e2c0409c3b771edb330f42337522d44f4441eb2d71b24616d2bb20c201e065494ca8d1c2b3b4121eb7ca807b55d073637d300d71870e1d842fe7b98d4168148d268633511094e5cb5740a954f6dc0b4422e863237a60744f08875ec4cbce91c99298538ba2913e23b0746c2cfeb1391df74badef0124272763c386f52679ddb76f43afd1c0cb68698b39c24d9b5291979767b59ca9894f61c67b3fc53179296aba3ae084982c8a0e79593c3934121fc54e8707c5fb2b57be83b2b281374176ecd8415d21a1e75a279743fbbb8f515b711fa11919f0a01097c9f9f317b06ddbb601cb484c4cc4f6ed9fa053fb10bf2aca434e63cd508c375d16e7200c7a636482af1fb2125e8098f3e8f60084d0b87df060464f57d01c3e0cfd99d3a8be5d0cbfb7df46404a0a1a1b1b7b9a7e7bfbc0ceaf0f001395568305574fa141ad1a2c00d38d110ec0a0b7c6d2e212313734c2706f0f0093f9f3e763fdfa75d093d7d7505a472d604c7636045e5e484dfd08b9b9b67ba2310026471f9460f7bd9b8331defad61807c1e1cd51999842d2a7174022ea9fea3a0280c9ce9d3b9190300d0f376e8482bac2e8ac2c5cbc781169695bedbe6b0ea049dd85b97927a1d13b7c86dafae62807c0e1edf1c56131f8e5c404933c4701b0ae90f1f16678fef637a8292e81d7a14358b97933dadaec8ffbe600986c28bc824b0ab923c6dbde1ee7203874402233610ee264814302c024795410d6d07026271ff0071a26af6bb40ebd670dc0154535d6145e76e475db07243800768fc8b0c8eed874cb63838301c0243dc01fe55555d82f757c47de1a00ad5e8779795fda73868e1d91e120d83c24951414466a390b3b429ebdb6d6fe76378be585142485500b50d22fafa4989e9dfed03b10db47474763e1a28516f9a76a2b50d0523fd06b8e1f923282e0bec7e48c20b8ef41490e807b1f95e520b8ef61693308ee795cde0882fb7e306106c23d3f993183e0be1f4d194170dfcfe6cc40b8e787935640b8e7a7b35640b8e7c7d336800cebcfe7ff07c1b9475d11349cd50000000049454e44ae426082, '0911222333', '10.0.104.95', '忙碌中'),
(3, 'b', 'b@gmail.com', '1234', '淑芬', 0x89504e470d0a1a0a0000000d4948445200000040000000400806000000aa6971de00000a7c4944415478dae59b095454d719c7ff33030c0cc6a8202aeeb882e6a8f4281a8dc5b8506d548c91da36555b9bb8804794e8312ea95648e38262150dcd89a76a0f5a0d6a82a46ab52e7189a280b2084228208bb2c308c3305bbf3bf3669c1996199887da33df39dfb9efcdbcb9ef7dbfb9f7bbdf77ef7d0274b0f8fe27b637156f938e22f5261d40ea41da9554cc5d2627ad222d25cd237d44fa80f456d2bbbf29eac8e7137480c1acce09a41f90ce221d6ac37d34a48f49bf27fd86f43601d1bc9600c8f02e547cc4e9103e1fd248b249bf624a20aa5f0b0064386bca9f90ae227da3830c371729e97ed2dd04a2ea950020c385542c23dd4eeaf6920c37970ad22da4310442fdd20090f1ac891f81aeafbf0e729b743141c8ee700064fc87541c22edf4aaad3693e7a42b08c23f3a0400d7e4234957b7e5772f59d808b18f34ccda2e61952164bc1315c749df7fd5165a29a7497f4d101a6d06c0197f9674e6abb6aa8df22fd2404b105a05c035fb53f8fff9e7cd85b58405ad75074b00f65211faaaadb051a208c09a3603e0bcfd51bcbe0ecf5a618e71514ba343b3c671e37c123a78a8132a14500ba99789441d0d810d91becdc5094d0070fdfe06780c721c6532f4ccc9817b4101ba3c7b0617692dc4f419bb79d1d372a80980d2550279d76ea8efed09e9e041a8f2f186dad9994f082c589a64ee0f9a03b0828a837cdc512c95c2fbc60fe89f9606914ad5ec350c4073a2727444b9df581406cc80f20dde528c9504e0508b00b8c48635139b637b8f9f7ec2b8efbe8393bca1d5eb5a02a0178544829c258b503b94970493e50e438c1328730011546cb4f52e6ed4d4279d380e91da723066090013b583031e052fc7f38103f980f03901d8d4040097cf17c0c69456a05462c6df62e05a5b6bd5f5d60060d2e0ee86871bd64343306c14964af7d3cf2718035847c54e5b6bef939e8671f1f1867349a7ce50ab5568a8afb30900936cea0a95a347d9fa884cd613805d0600dc3456167898c9197dfe3cbc52920de713a6cf4383ac0ec9372eda0ce0e93b13913f9f97a094f9b9616c7a4d0f804d5adee4a366df847318909a6a38ffedea3fa3471f2fc41fdd87ecd4449b00948ef7c37f1706f1f1984c2612805b7a007ba8586363855a1975e13c0625bf68016b761c8193b30b341a0d72d2ee21f16a029ee464b40b4089ff641404cee50bc05e02b0560f20938a617cd4ea7dfd1abc6fddd21e3b899d114a000402d370435a5389bcac8728cecbc6c3e4fb785a520885acde62dd2c26289a19c017802c02305cc0cddb3f014f31ffd09b3731f287ebdae3ce5dddb162ab8598aaa646db3a9e1380eaca32d4d556a3beee39e40d3228940a249c8d854ca673a0f97367e3e9147fbe00b01ca12f03b0800e4ef255ebc0a4fb187351e7f0bab8f5c0b2cff65b04d09a6cdbb80c15e5a5dae3dca005287b7b3c5f8fca24880108a7834d3657c5495f728063c9118e9a30157e53e7a06bf75e26dfcb1b1bb1f3c811ac5bbc18ce4e4e0600f99423c4ff78072173e7985c5f525c80cb17cee2eeed2bc85ef4212a7dc7f00920820188038f131ebdb2b230e1cc69ed3fcf5a80b1a828320cf962071ee7e72366d3260ceed7570ba0b4ba1aa1070fa19c82a784f0ed70340b764a9f15237c4b30b23e5e8a6a1f1f3e019c6600eed3812f5f35ba9371938fc762e98648b8f7eadbe4fbbb69e9a8a26c70c6f8f13ae7c8f9808bf7efa31b253d638735f5c58505b9d8191e868c55c1900ef2e213401203c01c601fbe6aec525484778f1dc59cc5abe1ed3bd1f20f2cf80026893f5ec5b1c3fb90ba6e2da5cbbdf90450c800b0c90257be6a74adac4400e5025edea3b160d9a734b658185c2c0060ad237aef563cce7c8894cd1b2177e77511aa8e0150d081cd19865e9ca91fcf3a184dc18f1063fde7900642ec22691780ba3a29ae5d3983cbe7bf85a2518dfbe1dba0ecc4eb249592770022b91c81517b10bc7b18ca8a1a90f46f0fbcffc775ed0210b33f1c0bc31c515622c35f3f7d80bbbb7640e3c8dba31a00f0da0598047ef1174c5fd813d5658d48b92645c8f618384b5efc731af2fad0cf15d47159a2500041a71799f8f3e7b5d8b26e29662fe9879a8a465c8e2f4162a4cdc9aab9d4f1ee0499cc8edc0d4785c2703e69661026fee203c3b92a33139ac22726bf11787840d47f80e13ce1db585c4838653857b84a9014b19d6f0085bc0f834c02a2a3e12a7d3121e2ece28a8f37ef834ba7ceba0fc8b1a9abaa2829a06b1a1a00892b846cde8f7398520a87b76f5e495fc90c753474eb86079ff116afe92589f74088c9b4982fd1b9ca74dfc2e2906de831787893c4c8dc0730af9f9ff1107bf66d35f9bcceb317d2d67fc23780d3bc87c24c7e7ef408dc8a8b0de77d47fa62feaf96c351e40001fddb26108c0030e31b6baac13acfe11331c849ba63f84e3a7020325687f00d2082f76488c9c4d858f428c8d71eff6cf6424c5f4ea3c09342684a4bb56b00904820640b224600946a155434848a942a88faf58360f870c4edfa13aefdf3efdaefabbd87236bd9477c0308e23d1d66e217f70dfae5e563e6aacd181510a8fd4c4dc98e3a2f4f774caa118b21a464484d0094e407043219841add0630879123e1d0bfbff6f8d6d9133811b101cf2807c859f23b3e8dd7a5c3ec88cf091126fe77121136eff7f01cf6d68bbb49a5506564985cc79e40515e0ea1d9ef9d264c80909c9e5ef25293117eea2b244f79874f00ba09110e006f53623e923711357a0adcc42ea6c6aaa889dfbbd7e47a6579d3293171400004661961855c86d0942bc8a8b79c3b5829265362364d8a0a4a2be194980e516e11841535e84d09cb881123487db4a5979717446cfd2f250590cb5b052020ff209e32052a02969b9b8bf4f474d20c6d59448996daed4da8bc7aa371ec08683cbab5e531cdc56452b4ddd3e20e295910c75f8740d5fc2a1073767bf64462cc983150e5e4405351d12a00a1a7279ce8dae4e464ac5d1b460163f3f56a4442c8674f867274bb7aaee9b43807a1cd0b23c267157089898340ddf2eed5e0e095080ad24d656bc8d9a9d894b991512600a895384d9e0ca144973c9d3c7912d1d12dcf296a287c962d9b0f758f366788a60b231c80362f8d89e32ec33135a7c5efa74d9b86cd9b37998cfbc6a381390063efaf35904685f0f0085cba74a9c57b28de1a0cf9fca96d31bef9a5310e82f58ba332395c238f41a054b578892735e7d0d050f8f98d33314acd72016eed500f40e8e606473f3f135877eedc455454148a8d822a73d13888501746c3a38b18564af38ba31c00ab97c71defa643fcfd0dabeee8efef8f90901074efeeae7b68a3aea00560d6f4cbcaca71e0c0015cbd7ad5aafae5b32641316e843597b6be3cce41b06a8304ebfba212eb57752464dcd2a57fc0bc79f3b42382be2b3000faa6cf3cff993367f0f5d787515f6f79a1442faa5eee5a5f6085b4be41820360718b8cf06939245fc659fd80c63264c810f2ee6be14da12deb0a2a8a0459d37ff42893468b3dc8ce6ef3765fadd42f2767d8d3bdb54bacdb22c3416875939428330f0e5979ed7a502d408110efbdf74bf80c1aa40d901e514b38772e016a4dbb367c6b45396c0054c307b4f4b5f59ba48c20d8ef36392308f6bb51920360df5b653908f6bb59da0c827d6e97378260bf2f4c9881b0cf5766cc20d8ef4b534610ecf7b5393310f6f9e2643320ecf3d5d96640d8e7cbd3ad0079ad5f9fff1f2e8f8e5d302e60a40000000049454e44ae426082, '0911223444', '10.0.100.172', '在線上'),
(4, 'c', 'c@gamil.com', '123', '小智', 0x89504e470d0a1a0a0000000d4948445200000040000000400806000000aa6971de000009474944415478dae59b0b5054d719c7ffbbc0f2100caf005196902a82d656446114b1516b32424710a2b66914083426f8286a623175cc63d428b1466d14632220b1a9ad4d493b26da00531f04346a00633446db8cc8431ef25c9ebbcbde7e67f7426077c15df65ea1b3dfcc37e7eee39e7bbfdf3de73bdf77ceb912882cca82b9e3a908279d463a99d49fd48bd48dd49eff5b376913691de91dd26f49af9216cb16165689797f12110c6675ce265d4a1a453ac982eb70a4b7484f917e4c7a818070a3120019ee4ac50bbc06087993fde436e9074c0944f3a8004086b3a6fc0ae93a5217910cd71705e9bba47f20104d2302800c9752f122e936528f8764b8be34906e253d4c20340f0d0019cf9a780e747d7d34c805d20482705b740064fc0a2a0e913a8fb4d57ad2469a4210fe240a00bec9ef214d35e7bc872c6c84d84ffab2a95dc22443c8781915c749e346da42132597f45982a0b418006ffc3f482347da2a33e534e9920741181200dfecff86ff9f27af2fac252c1baa3b3c08c05e2ad68fb41516ca3e02b0c16c00bcb7ff10a3d7e1992acc31c60f363a18358e1fe74b30fa86bae10a1b22438cc5090600f87eff05464f902394b0602942df1f1803904245c648dfad48b29a001c1a14009fd8b06622786caf5673b8734785caca1eb4b468d0d5a50147bdb3b3bb0d76765238d84be132d6069e1e76f07fdc011e548a202c7708e89f40e903d841c5ef85beeab56bdd3877ae0b1d1d86a97c55cd7da3e704053a2131de1b8e8e3642dfce5b04608b01003e9fbf0b8153dae2e24e1416764122313e980c0680494cb40716cc73131a004ba5fd7ae713fa03d844c5db425ea9be5e8da347dbb44d7d30190ac0a2a7dd10b948944cfb770460771f007e1aeb3b083c9373e64c072e5f1e3a1c1f0ac0b8c7647865a31c3636828722cccf05b2e9b55e006cd2b248e8abfcf58402e5777a8605c0698c0b3ada1558f16b2f84ce1c2bf4ad319943008a7b01bc43c5060b2b3490e3c715a8a8e8c1e49039f0f67d026545f9686ea81d14808dad2d02264dc5fca7a271b5e4028a0bf33123c419f12b7cc400b097006cec0570938a40b1004c0d9b875f3cb75afb5dbba219cdf7eba0547641ad5242ddca864119c63ee20a77772fd8dae986bfbf1ccbd0029834c9116b5e1a2f0680ef084090849fb7af800831bf310006d2d262f4eb3e00010420451400cc35cb1980657470428c2b8c72004c963300dbe9608bc555e98bd36ce4e7b5a1b4b87000806ea5126f1fcdc1a6c40438c8647d00ca6b6b71f2e245ac8d891900e067f316e099382f0a25af8801600703f0778831e1e1bd0dadad52bcbf3d155366446801f4683458bb2b1db7cacb7178cb164cf4936b01d43537637dc621dc6f6dc567dbb7c18e9c210370e9c2196cdd7e08aeaed45a3b040d517a259701f88a0e4204affad1ad90c8e4f8e7d17de4d8647d2de0d2f5eb6822439f9e354b171d12008e22a5bcaf4ae0eee28cd0409d2f6600542a155626a582eba9a2a4619f18004a1800e6007d05afda6d15244e33f1f9890fc8dbab86e503eced1d10bb3c099cea2af51db366bb4d954a06804d168c11bc6ac79990b8af1206401719afbe2a06807606404507b6c2d74dcddb3501799f5e83a2a5094b576dd67edba356a320375bdbecb577d0d2a62da55229a2e3e229ecd5657f473276c1ddd313b1b1c1f4f4d92025e8a270afa84504a09382826e9494762179f31e78faf8e2bf374af1f1e19d7dbff78f04d76c78038193a7a1aeb61a3b5e5f87f94fba2166b1e0d9a0010071ba002f972e75e1ecd92e044d0f474ce27a7cf651061aefdd45d49244edef2ab52e57f873ce018cf37d1cbf5a91826359fb70f9e239c4c57ae2496d962e9ab48be70479b97d5b894f3ee9a01e21c1b36b5f47ee91ddda103879ed1b7073f7d2fea7beee1e76be990a070747bcb46e2bf6ec4a034743e68b2f3c862993457b364c2ac51b0679617302d9d96d06df3b3a392368ea4c34b7b6a3f44a11dadb5a0dfeb3e5553f783d2a131340897881102f2a1587f7de6b4167a7f1df074b875d5c6cf0e66bfe62cc05f4975cf142e17ed2d1a1c1d9f3727cf3f5759300cc0efb09a2a3dbe0e424f87ca0beec1035191a208e9b70b7bc119f9f3c86a6863aa3007cbc7db06cc94a3ce1ef0a1bfb6cd16f097c32245a3acc86fa6fa8e61fcddd8447c6ff1c9aea7b50d5d6e072511e9a1a7510148dba40c8d3c31311b317c24eee07db8913d05a7316df17eec654b9d67f8a21ba74981d093d21d2483e2f9f02b7d3651254364810151589b4b434dd55c91968aaabc1ddd73d79352bc942e9b87164f844489d75ab71e9e9e93875ea347c3d38440673786a1ae02eec429d6e42840760f194588f86c6fcff00ff2a95e0e26df679e063dbbf7f1f8283837fc04f20545595e0146db00b08e8339c495959195253072e4adb4839cc0a00164de71036917db618c08029b1614f8a762ac981144b70aa1468500cde56e57239b2b2322193e98635358df32925e721a350f8dd0551904a741629954a242525a3a2a262d0ba3c5c38444da70e1ccec171f8a3e48049d1614d8bab2888db902dc1cd6ad33a6942423c1997a4cd03b6ddb882fddfdf406765355e9b1181b4d0086d7a9c9595859c9c0f4daa2f681c87bdcf73b0337fb018382dce43307b61e4343df53d274d6f8bb6b6b6c8cc3c026f1f1fd4b42bb0f8cabfc929d6232fea97f07276416d4d0d92937f0335254ca6cacb8b35889c6e3680810b233c00b397c6361e95e0ebbbe6b9e81f4f09c2ce5de9602e22e48b4fa1aea9c3b5a5c99050ab7875731aaedfb869567d3ff5e3f04ea25999a2f1a5311e82c98ba33574faca3f4a682c317f8c5ab37a15bce684e399d273da2e9017b91cd55f7e898319eff7fd27347426264c9860706e7e7e011a1a1afa3eb33b38f65b0e3ea6e74cc617477900262f8f7f5408649f199e2b1ee3e488a0b475c851d46b01a4f805e0db039968eff8215e8e8b8b45585898c1b9070f661838c8e7e76bf0dc5c932e3df4f2380fe1811b2458809394214145c3f0239496407f542c9eaf0530a1a80cee15b5c3ae4b4eb142d66ace948069e80d123c80076e91b95905accdb46c2066bdb63c7621940d8d08385f6271187a205983a0a1970f4cdb22c3431872935411f9a9e25b96dd32f31dcab163c0a97b60dfde6971b81b3e89c39ca0417f367d93543f08d6bb4dae1f04ebdd28c903b0eeadb23c04ebdd2cad07c13ab7cbf78360bd2f4ce881b0ce5766f42058ef4b53fd2058ef6b737a20acf3c5492320acf3d5592320acf3e5e921808cead7e7ff07cc4e0f2de5de84f90000000049454e44ae426082, '0999888777', '10.0.104.95', '在線上'),
(7, 'd', 'd@gmail.com', '123', '阿傑', 0x89504e470d0a1a0a0000000d4948445200000040000000400806000000aa6971de00000a114944415478dae59b0b7054d519c7ffe766f3d890274b129290070d213c0c10c12049a99002f21c5111a6d22aa256c1521e6a3b053ba363a11d119042a5b65210112cb691a9a223600011308924a440208647de21eff7e6b1d9bdfdcebd4b36bb6c92ddecde4067bf996fce6673efd9fbfdce77be73ce77ce6550583a8e4f0da72289743ce968d268d260d240524fe365eda475a495a405a457487348cf7acc385daae4f331050ce6754e215d443a9774a403bf2392fe40fa05e9bf48cf1110f19e0440860750f1bc51639df990dd249ff4ef5c0944fd3d01800ce7aefc0ae92a525f850cb79426d21da46f1388babb02800c17a87881f44d52cd00196e2935a4bf277d8f4018060c0019cf5dfc03c87dfd5e9073a44f13847cc50190f13fa76217a9cfddb6da429a49571084fd8a0030bafc16d2d5f6dc37c0c24788eda42fdbda256c32848cf7a0e220e96377db421b2595f46704a1c3610046e30f93ceb9db56d9295f922eec0b42af008c6eff09fe7f5ade52b8273cd15b77e80bc0362ad6dc6d2b1c947708c05abb0118a3fd3edcbb01cf56e181f1a99e4607abc619c7f92c2834d4d5b700178b80bc32f9e7e3c244c4470201831483c087c8fbadcd13ee0060ecf7dfc289939c769d6cf0f91b0cdf5f076e565a77aae1c12226c500137f2403f174772a043e59fab1653cb006600515ef3afa6b65b5b496a5755ce6352619dfd1695f4ff250c9101e18212289d69361839d02612501d8d52300e3c286bb89dd737b03f5b4abb4723f97c724c30bab9c1b3aa282641053e2448c0a0784fe55cfd70eb1dd175096003652b1de9e1a4ba9a53f3fcf9076896a6f1a9878a9f11591721f307fa28870fb3d631301d8700700e37a9e9cd5be252d6ff58f4e33a4e7732f18180002133199c2f4d2a9b237d8297c291d793b9fd01dc0ab54bcd5df87aa22974f3be083348f165caf52c6f098a1d4f26349e381203f87aafa0d01d8dc05c098c6ca8323991c2d0d1efb8369515a81a22611272ec9dda2b4d631af081f2cbbfbf4fb44440e711a4b1ee7e2787aed36009eb43ce35095dd00c0534edb9550c859f617c1a16af7be64c03065d22dc904e0ec6d005ba958eb50757d00507b79c0c3dd1ddad63688a288a9499370f2db4cf0899a8a42bab7da0b8fcf9982fd874f42d769a06b1407b08d00acbb0de02a15714a007876971b542a15b6fd7103dedff709b2722e233c2c046ffc6e359e5b651a70d62c7f0473a74fc2dc65afc360d023c06f101a9ab4d8bd42af14803c02308a19f3f6c57074ce6f0540793dc3d33b052c7a64365e5cfe245e79ed4f28282ac1e6377f0b2f4f2f2c7d7e1dc171c3f2c533b1684eb2740f07a009f4c59c6993b02ff56b7cf0921ea1818a00e00f19c1013c411f0e395c9d15001d2c100b3769a9f5d76374dc089cbf7009b131d1f0f3f5418bb61567d3b3302eda970c3685f4b4b339489c108753e917b163ef67f8cf7a35bc84664508902ce600fe401f36385c952500cd54b0a06978e7c3739207448487a2b4ec168a4b6f2161dc18787a7a48b775d61748657b870e17726f6058e81084876870e444264e9ebb88cd6ba68135668335652901602307f06f3823e1610180c56f01f31a8ab6b67632ae43d2bfee3e88219a40440e0bc5fcd92966008ea465a2b8bc1ad5758d78e1c9d9686cd6c27790378235fee44ad5100ab72901209503384f1fee773a80b19bc0bca3fabced36805ea5bd1c42d14e25006471003c000e733a80985560831f740e80a68b106e7dac0480120e804718c753119631808c1762563905002bff18acf9a212005a38001d7d50395cd505629841eba8298d40bc963f36d8f05f52304c06636efd0320eaa9f573c02a52a936a76e0a77fdbcf3001c08029ac950ff4e6049b5e9fbb0c720843fde2f00acfa2858dd29250c3703e09c2eb087dc5f47ddc0cb003c5569fade3d106cfc76332fe8fc2613625d83fc875e27977e6ab049d1a6fba8f5d9cdb7c0f48acd01b8b4382f08f6e401246cc43ab0c08926db1a9aa1cfce85584b4b72035defaf06468782f978996e6abe0ca1fc8092c6732971de307878305049939bd00e6041adf9fffc274018f9aad5db7aea02ac740f98f69ad200b29c3711e241b086424910b9f438ada53960e3a81b78deb9aab10640eca891263e0a05beee92eabca9701f62885a03c17f14044ff38c9b2500437b23c4c67cb8d7a72afd485c363a6f31d41780c8d5103d822400825a4341919901e0390283b60a627b3305be5a02f0e9400058ecbce5b035a34586f2d650048d7f0eead024e81b8ac9481a21dc3cc0546a194043b10c40d7427fb44315381ceec1f168adcc4455cefb0855974b495005445e0ef34f4e49887433baa23d1485dae1286e8d42bb418de8e8284c9f364dfebf4e6b02c101d4dd94d84b8687c49387f84bdf9f387912050585f0145a11a12e4494f74d84783a15869c103102703825a6a7e1ffbb7c37fc807970f70e32474dee3d73c64f1111116102a56b85bebe10fa964a7884d228e169ca09141717e3d8f1afbbbac96dd151171989237830560f37c7528d5ccc5262fd4e8ab6d2a877e82cc317d9f2c688b7b737663dfc30020202ccae1b444bdb47172e84bbbbbce1271a0cd0ffed3dd4979541f3fa1b60826c914ea7c3a7870fa3a5c57c24a9afafc7d1afbe8256ab953646e62650074e12a1f6e83700b3a468bfd2e23a9aaaafddc370b5ccbca5bcbcbc3073d62c6834e6c3ded831a3919898287944c7a17f42484d4569ee15f8ac78119a152ba516cfc8c8c0e5dc2b66f7d5d4d4e0d8d1a3686b6b33fb7e5498886dcf8870ef79a9d19398a7c58d10ecde18f9925a7dcb67d67d91b7f48c9933111212d2f51df7e8f9f3e6417053415b5101cdd6b75171e326841d3be13374280cfa4e7c7ee4485746984b055d77fcd831c933acc9cb0b0c9893603700f38d112300bbb7c6d6ed65f86f51cf83879b4a8594941484879bf6af783ef081c4c9d20f07bdb61eb7aedf8070505eeb6766a4a3b1c934f72f2d2d455a5a1af49d9d3dfec6b848115b97d91518ad6f8d1921d8bc397a8b6effc59ff95cadf7d153a0befd93871ea29120baebbbd8113188a1fb86ecd82e7501ee01452a37e45fbbde754d414101be39750a0643efa7ddf8137cf86b11430360ab58df1c3502b0797bfca3d3b4003c615b28e67d3b3939192362638d501866343620f8f4690940fb9225f82e32928c955bf25a7e3ece9c3923c50a5be499e9062c9d6ad3a5bd6f8f1b21f47940823fd7f277198a6bec9b3b254e9e8c3163c6489fc328faa7e4644b0072e62f406d9c3c0dc9cdcd45467aba5df5466844fc63a508d6f7e3f47e40c208a0cf23327c4bfc57bbfb371027242460fc8409f2f6d8f799a8292941eec247252fc9b97001d9d9d9fdaa77e7b386beb6ca6d3b226384d0eb21a93357f9f197fecf9ce3a8b5354382a06ea559a1ae131d7e7ea8a9ae425e5e5ebfeb4c1a292279548fffb6fd90543708ae7b4cae1b04d73d286904e0da47658d105cf7b0b40504d73c2edf0d82ebbe306101c2355f99b180e0ba2f4d7583e0baafcd598070cd1727ad8070cd5767ad8070cd97a77b01724fbf3eff3f85664c2df7ade85d0000000049454e44ae426082, '0988777666', '192.168.0.108', '在線上'),
(8, 'e', 'e@gmail.com', '123', '小豪', 0x89504e470d0a1a0a0000000d4948445200000040000000400806000000aa6971de0000088b4944415478dae59b0b5054d719c7ff779f2c0b8b82b896978b06f101219aa9196a9a1a334d02986a63b1e954db663a4ea319c66a1ed3c4da69ab763ab155d3581fc9749cd4b4ce98c4499b0ace104d685552129d6a1422c4424118d922c2e2b2efbdfdceeedd655f2cbbb207e8ec7fe69b7377efbde7deef77cff9cee39e2b80b38aea3ecba5e42b6465640bc80c6433c9a693a9a5c36c64b7c98c641d642d6497c8ceb7559476f3bc3f8183c32ccf72b26f915592cd1bc77544b256b25ab277c81a098838250190e3d328d9205951226f32406d646f3023100353020039ce8af2f3643564e99c1c0fd510d96b64bf2110b7270500392ea3e447643bc8b226c8f150dd22db4e769840b8270c0039cf8af89bf0d6f5a9a046b2ef138436ee00c8f975941c244b9b6caf4374876c2341788b0b00a9c8ff966c733ce74db0580bf12ad973b15689981c21e755941c237b72b23d8c5127c8be4310ece3062039ff1e59c5647b15a7eac8568f05212a00a9d8bf8dff9f271f2a5612aaa35587b100eca5e4c793edc538b58f006c891b8014edff88a91bf062150b8cdf1bad7588e89cd4ce5fc4d46beaee56ac895c12a99f100640aaf76731753a398912eb2c3d181a0f2201d848c9015e7721733951606c435e5f3bd22c83183099319c9605634e117af3164094c97942d844000e8e0a401ad8b06292f0bebd20bab1b8ed2cca5b3e409a6dc8ffffcdee5effb6392d13971ff8265a4b57d0095c420f1b3b14050ea04201eca2e4e5445f55e9b062f5b92398636c0ddb1708c0a7aec2c5f87b550d9cca141e107e4500b6850190c6f39d48f0905670bbb0b6e1100cfffd22e2fe480098ba67df8bd3ab5fa42a214b340056fc0a7cf30981005ea0e495445fed81e67a2cbf523beafed100307df2d077d17c7f55a26f89e94502b0db0f409ac6ba8604cfe4b0a2bfe9fd5f20c5690dfa5f1447aa782400a2746336b516ef6cd84f55413df6c5e2138b73c56c7acd07804d5a9e4bf45516767c82279afeec777a4ec9522cfaf20a5c3e7f0a9dadff0a02a0d46861b8a70473e79522a7e01e1cf9dd4f21528bd15059838e622e2df2320270de07600f255bc69961981efdf43816ffbbd1b37ddf5757a2acfc31dcecfa02a78ebdea21a2cbd443372d0f738b4b919f3f178a80fafea737f7e1c6f5ab68297b144d2b7ec003c05e02b0d507e0734a8a137d85ea8f0e7a22bf3ebf088f3d55e3f9ef9f674e205d97893c7ada19d3b381c1c188e77efcf11934d41e43d79c2538b3ea791e00ae1180f982346fdf050e7dfea73edc4f9d9eeba85aff1cb2730c910f1a05c0addb7d7863ef4be82928c5076b5ee20180859a7c06a09a368ef3b8020350060b563d1dc5815100301ddeff7334a764a29e0f00a6b50cc04edad836eeac42f48456c0fafe66282c26ccbf6f99ff7f9bc3813d478f62ebba7550ab547e009d46236a9b9af0ccca95fe633fbd701642fa741ccf5d82f7ed0a1e00763100ef82c384476dae1c066570ad72b9ddd8fcca6eb4b4b7e3d0b697515450e001601c18c0d643873de9c99d3ba054043bdbe11250694ae501e0040370813696243ce71c39e6abc2c34ae3a5cbe8379950f9e032ea0b081e0022b508ece967a6eb50be7041d8399f3b65787248c303c045068005c0bc44e7bc275b86c7b5317463a3c4009f4ed9e5d86ae6322eb8c100b0c9026da273aea218b03b3b86a16d0c005eb8a3c6490797186066001cb491f0dcd9b3fff50c192a08843cdad0360a0017355475f4f47f32ac869bcfcc9c931b009f9ecd10f0ecf42825210a807d16255eb7aa78dd9a1f00972ae0d32cf2bd3e4f1e540a44e6b428cd4cdd317b53da2fa48d4c413ae9e9af18d4a04f4cf8703850666e413050bf9f29c3c3a9238eb85a9a2176072ffc10b2b3213714fa7fd753d1dfcc27f005ea06b7663050cba9053ba01fa965acd913fb6f01a621c04a4365ad16824ee76d16256d1852e39c935bcdf4e922b78e50a064d4ed6ec895214b1921164488013d54febf3ea4a5b3b8bf9238c1ad2b1caabfe9866148d340a652460560b3d9d07ac7866fcbbec4fb969876711d0c05ea643a015050d1a7febf90923252dc2500ac5ad8ccc3905b2d688512d5f29c8900b096eb70381440a1c2bbc04b94cb212a949e2bdafa6f7b2f6cb743e17478f65f9b1800dee130dbe2312152a24b41c5ac0c5c1db0a0b66710759916cc9687af7073f6f585fdd72ea8b0ca3d0b95391958344d83ba9b83b862b2c672d978e49d10910024644a6ca1e434b382546f0766c7951e1c69ef437d963576003215aa9c7a3c5d3803db4bbc25a173d8ee01c1ac39313082a6c4ee7a52542397e187862c7c23671a0cdaf0d9dbd75a7bb1f75a2fd6685cd89966a70e5174004eaa10db852cfcc5a5c196623d6ae6e9c3f2ec30dbf0d79e01fca1e3162caebb5a1cc61434297a57d3e24a0a5c477b2f63a17378d463ba042556cf2883452647a9dc8567521d7848ed865a260401b052e1f8879882c3a20ecd821a1ab70beff55d42bee81835ef66452ad6ebef8523fed768c1d3e21284b85f8c54bb4cf899a963cce32ea833b04d5b80ffd8bd554041e0e6108c0cea1cba1d0e0c504fa1032ab8244766ab04ec3277e27edbd823c55fea0c785bae8b1740f08b110940dcafc6de5a5a88a599b10d235ce4f447bd43f8d068c2150a8c5d163b06ed2ecfbe0c951cf91a154a28e03d3c5387e5faf4e823c80035f59bb1aea93d1ee723bf1a9320c4fc7234374589d35f9b07d938dee2b2b6df7313e3c8c34d793cd2d08a6eab23d65322bf1c9500c4fc7a7ca3b9079b2cbd631d36213aa0d1e3a036a67e43f4d7e31284981648d4f55f45aecd3cd9be7bd4add6a22273512c87465f2021011873894c698606ef96cf9d6cbf83b4a6f13a3e1bb4443b24b625321284a88ba41e99994e1677e4e5aad3145c4f1b8746db1dfb22a90008c9bb4c2e0042f22e94940024f752590942f22e960e81909ccbe5032024ef0713212092f393991008c9fbd1540084e4fd6c2e0444727e38190144727e3a1b0144727e3c1d05c894fe7cfe7fb8946fde4c1aa12d0000000049454e44ae426082, '0911222333', '127.0.0.1', '已離線'),
(9, 'f', 'f@gamil.com', '123', '蝙蝠俠', 0x89504e470d0a1a0a0000000d4948445200000040000000400806000000aa6971de00000a704944415478dae59b095414471ac7ff33c3392060b8c470296234a8a8719f8ac6188fc433ab218847585defe379ae9add98ddc4b760d66804f5694cf4e56da22eba46f4adc66ba34222e2095e041544541039866b60b8e6d8af9a86c0d88c0cd3adeee37bef7b5dd3dd53d5f5ebaaafbefaaa5a068925f0f8cd57e910421a4cda9dd49fd483b43da92d7f5b356931693e6916691ae975d2f3e9a37be648f97c32092accf21c48fa01e918d2ae16946320bd4b7a8cf407d224026278290150c55de83087d740311fb291a493ee644a204a5e0a005471d69457922e266d2751c58d454dba95742381287e2100a8e2723acc23fd3ba9eb73aab8b1a848ff4afa3581d03f37005479d6c4bf435d5f7f192489743a4148971c0055fe433a7c45eaf8a26b6d24e5a40b08c21e4900f04dfe4bd2a5e6fcef390b1b213693fea9a55da24515a1cadbd02196f4fd175dc3164a1ce9148250633100bef2874947bfe85a9929c749273c0b8249007cb33f80ff9f376f2cac258499ea0ecf02104d87652fba16164a0c01586e3600deda7f8f97d7e0b5549861fc4373a38360e5f8713e19160e75ed1e6741ede547a5b492a1c100ebec4cd4fa04580a810d917d85fc84a79e8ceff7e7208293d325e110c73f33640cf436b60d95b22b2d84b2b800d6951550576aa0b777446d071fe8dabb37c092d554c1f9c7bddcef9209332d7d1426cc591a6c6c0f84002ca0c376314af44f3a0e8fcc54543aba2063c87b5016e5a363ea05d8ab7f9bc73c7a98d590ae75f342f9a077a1f5f0864bdc2e58ab9e40d33b04a5a3a78af1384c161280af9a05c04f6c583311c5b7f7b97c1a5e7753b8b401c2fdad31807a31c8e590e9eb5e5479ffe1500f9b2816003677086c3c8132061045878fc52aade38d4478df4c32798f1080c6a21e328e5ac528b11e89c93a02b0e62900fc7cfe21449cd27aa65e82dfb59f2d02503a320c9a7e6f8909804da57debe3098d01aca2c3176296e476ef263a5f38691180927111a8ecd95fccc762b29a006c6800c087b1ee40e4484efbacdb084c3c0a676767bc37f1f750da2ba1521522f19744e4e6e63601e0e7ef8f31e3c6c1b34307549497e3db9d3be95e158a42e7a2ba6b2fb101303bf71a0bafd5036041cb44b14b6997fb00ddcf1ce0d2d367ce80bbbb3b97aeadadc5deeff7a0b0b09003e0e5e58515ab57c3c6c686bbfe382707ebd7ade3d2aaa94b51e32749846d1001385f0f60131d965b98e153e2509083a053b15c9a553e6cf22428954aee77467a060ec71de200cc9e370f3d7bd5bde572b51adbb66ee520302998f911b49e3e52008826002bea01dca6c36b6297605b5684e023df36fcb6b3b34340972eb0b7b7a3e65d84fb99991c80d78382ea9a7e45056eddb8018d46d3f09ffcf99f9183e42605803b04a09b8c8fdb3f82043ebfa24a83be3f6c23674ec6a9b542811aadb6c93dc646d08aeed1e9749cdfc0346fc506186ceda500c0b2f76100c228f16f294a60121cb7034eda6a44ce9d05373286b964d8aedeb98b2b6977f0202f8f03e0efe989b7a80b0cea11844ed41272c836cc8bd98c0a0727142c582bd5a33199c4004452628dc5593523be977e4248451efef6c7e94f5d2ba3265f4d40dc098cb1cc8d8ec175ef6e508f089512401403701012063c6c4b55189678185f2e9cd770ce40a3405d0b6414d40de76556560de9499faf475af8e2ba09927412c7005ca5445f294bf14e4ec08177fac3d9b16e76adbb96020335f3c622737681a26b572e5d505282b1092928273758624966009801f496b2141919c3c8ca0798d8a727f7dbc08c5c4e360cecedd7d640a674808c864919194026b1d75311e9d103063ba5d400b21900162c7090247baa9ce3c5d370b87c16d634bf9f3d710242478c80422effed9ed2d286a496c0ec8f4fc03f4f9d82962c7fc5efdee66683b0b6910a400503c03aa495c55919098be4b81cf90e5625aa26e7fdc8eb9b307428fa76ef868ef4d6b5c5c5dcc870253d1dff399f846ca3aea1757145c9f8e9a8f5ee2c0500ad2400ecaf9d87f3c9fd34a7d7357b4f508f1e1835660c973e71ec18526fdd6af65e835c81d277c351d93b441200a2760165ca39389dd8d7ac5765676f8f29d3a6a1779f3e4dce5f4b4941ecdebda8aaac1486405a366a32347d068b09a0425423687b2f15ed0fec80cc20bc87c1d9c5050b172f4607727684e4c99327d84ef380d212e1a57f037993c561f3511d102416806cd18641b9460db79d515068ca05af3b383860d9ca95f0f0f030994f7e7e3e62366ee4e60542a2533aa270ce1ae895a2c46d92457384580457794338fcc5e6018b962c41203fce3f4bd2efdec5b62d5b6068a625697a0d44e9d86962008813c51556a8f2e0be33b2d9a6fff6f0e198f0be798c0fc7c5e1ece9d382d758572898f30974ae9e960288126532e44416df21f917c16bed9c9cf0c9a79f7253e1860a102899d16289f1b9aaaa2a44ae5d0b75599960be157ddf44198d0c16ca24cba7c334bdf5dcf217c8ab85adf7c4d0500c1d360c7abd1ed98fb2e1ebe78bdb69b7a1a13edee78d3ad3939498c819483634b218010b8fc9c9598a3f7306870e1e14cc574f8e52de92cf69006ff5085e371d66294b02223699bfc275bff03a0a7beb6ba3a2606b6b8b1f8f1c45daaf69e8d53b981b05fe7bf214d98440b2f8c5b87ae50a2266ccc083ac2cfc1c1f8ffe03077243657575353e5db3866b0d42a20a5f889aceafb716405d408407d0ea9058bb338738775748fa0f1880a91111b872e932e2cfc6379cb7a2b7a6e50323f501117bf20f2a1bf9001f8487e3cd2143f0afddbb71f1c205c1fc2d5c346912126b7550d47577346cb2ef095e9bbf68113a0704e0ebed3b505323bc4fa1b9b0388b1d7e161989cc7bf7b063db36c17b6abc03a08a687528b34950b4756171325c9ed1ab05fbbf826676ffd8b0011919193876f458b359985a1798316b16828282f0e755abb83099b1707660f917ad597d6e1a16e72198bd3022abac4087988f04aff977ea84e5e4f824d0eceef2c54bad02f0cea851183b7e3ca2c931caba7f5ff09e27cbd6c3606fb627df7461840760f6d29855c163b8ef5a27782d64f060844f99c285b7d5ea72585b5b73c6ac803c3d360aa8d5ea26005cdddcf046bf7e78d5db9bb3076ced802da8f8f8fa627f6c2cce9f3b27584ec1ec8fa175ef684ee58597c67808662d8e5a3fca80db9e18c16bf5c39f90b0e69c404631f96a320760f8c891dc9b56f001116331351c167eb80cb53e5dcc0120bc38ca03306b79dce67e1a5cf7091ba8d973e7a26770b0c9ff9f3a71925a421942c3c24cde77f3fa75ecfae61bc16baac98b50d3a97b4b2b6f7a799c87d0e20d12f2f252385cf8097619b760555cd0e4dad2152bb811c094d472c15170ddc394b09160f3a64d4dce69dbbba3aa4b0f540c1801bda3335a28a63748f0005ab54546515a046b1a0e6d721fc22a2f1bab2226a3b397e7532eafb9c25ce4ccdc3c6cd8bd0f5a4f6fd478f9a296863f9df32be666d5b22d323c04513649290d3a7850b77e4561808b959c32d343a99081cd0aaca86485bcae789dde002d39a6ccdfd3e80c28871c255a3d8a7432e4d3e8a791292c790c262ddf24d50842dbdd26d70842dbdd28c90368db5b6579086d77b3b41184b6b95dbe1184b6fbc1841188b6f9c98c1184b6fbd15423086df7b33923106df3c34901106df3d35901106df3e36913405eeacfe7ff07a6d263ed79234f460000000049454e44ae426082, '0911222333', '10.0.104.95', '已離線'),
(12, 'sbob', 'sbob@gmail.com', '123', '絹', 0x89504e470d0a1a0a0000000d4948445200000040000000400806000000aa6971de000009dd4944415478dae59b0f6c13d71dc7bfe7ff766c0884262921245048284863a3e5df0245947512dd46a71532aaae05b631da6e0852289dcadab1b5205aa030758232c458d024d650a2510a4ceb68d502e5cf1ad85a5488291a09812501c7f9e7d88e7dbefddee5fce7ce8e63933bc8e49ff4d3bb3b9fefeef7b9f77eeff77eef1d078de5ea638b0aa8f826e944d2fb498b49734987909aa5d3fca46ed266f617d28ba4ff26fdb4f860e5752d9f8fd3c06076cde9a4f3491f252de9c77d045227e911d277494f111061400220c3b3a9582ae958351f32462e93ee624a205a070400329c55e5d5a4cb491d1a19ae940ed2b748371308f75d014086eba85846fa2a69ce1d325c292ed29749771288d01d0340c6b32a5e899eb63e10e414e922827059730064fc8fa8d8416abfdb562ba493f45982f0674d0048557e0be98a74fe778785f510bf235d956a9348c91032de44c53ed21fdc6d0b53946ad227084277bf0148c6ff9574eeddb62a4d394afafdbe2024052055fbfdf8ff79f34a61356141b2e6d01780ad54acbcdb56f453b611808ab40148de7e2f06aec34b5598637cbab7de21a171523f7f0e1a76753a871d590f4d13b73d9f9c46a8a3534b08ece29312c5097100a4767f025a04397a1dac93be06fbc333607df0ebe08c06f1b01008c2fbd9bfd0f9e10978cf7d0ef0b715d4f5252c589aa1f40789003c4bc57635ef6c2c2a24a3cb90356b3af4d98323c7f9aa777ab894ff307aacb50d9e8f4f118c9308d45d531bc273046047af00a4810dab26fd8eed39ab15f63933609f3d03a6fb8a64bf093e1fd0de2e07306810388b45765ef7953a747e74029dc74e40f07ad500c0c60e636307504a00eba978498d3b99c797207f43e24b854e9f06bff54dd9317dc5f3d04d9b96f0fcc69736c0ffa5538dc762b28100ac8d03208de7eba1d290569f3b0c23feb039e16f42889a61308850e59fc47ddda2c580c1004ea74b787ec3cf56836fbea5160036941e19ce27c40278818a37d4ba0b0c7a8cacdad5ab514cf843eff5c0fadebc5ecf61b0eacb9712305eb547235943003645004869ac5aa89cc919b1671bf443b2e50609029a9b9a505b5b0b1795200373f2f3515a5a8a5c2a394eee9779772b1a96a81e8b313f57cad26b61002c697952edbbe46f7a05ad0e9b68acb3d609a7d3894bb4dd460e90c98b8b1703de2ebcfe4e95b83f981c61694909c128414949a95866777ad1f8c26fd57e34266504e0d33000e6912afa79c138d9d5dd8ae39ec4a9bbefcc9c818a279f04dadab0b5ba1a87cf9c4d78deccac6c2c35654303d94a009e0f03b84445a9da77a8f2baf1beaf2deef8bc590f61f9c285d031ff400042d40cde3a7810ef9d3a1d77ee772d83516e1da205805a02308e93f2f62ce2503de6ffd8df81dd5daec8fe50aae2cf2c988f3953a6444f6a8b023a76fe3cde7eff305a3a3a22c77e62cbc12cb326b956364628640016d046951677b814f461a3a719e3478fc2b7a64cc523d3a7c16232c94f6a93d7105f77373ea839877f108c2febeaf04b7b1ec6192c69dc352d2967005ea38db5fdbe94426c9327c252f620846c076c31111e3370536525d62c5a0433832101b8dad8447ee00c7efe58b44becf2fb01773bfc9f7d81ae2f6ab500b09e0138000d121e796b9e8161a8dc79f1d4d67fb171239c75f5d8f9abb51853582802686e6dc58aed3bd042bdc3e1f5af5108a197fd2fd8d28aa69dfbb40050cd00d4d0c624b5af9c5bf15318f386c51d3f7be102dcd4c6bf4d61afd8e71300161bfcbda606431d0e4c2e8df7c5dd4db770f38ffbb500708e01600e7084da571ef2c43cd8268eeffbc4b6b63e4fe9bae084fbd0312d003430002c5990a5f695cd25a3316c09f957ae8fcea50f00ac76b8fe7208feab9a4c127b1880006d18b4b8ba7dd65438664f87ce92c48b270110f2fad07eb2069e7f7eaec5e331096a0a808965c258e43cf5f86d0170551d81ef4a9d568f1601a0491388088d0aef5dbb1c3a6bb41608e4f5d92048148fa7a7d471e0ecd18087efa231c0eff76a951e0b8b473327182b8e476662d09cb2a871972e416890a7bbb8dc5ce88b8a23fbed9f9c45c7c91a2d1f8b498366dda0cc38ab1979ab97419f65eb39408e2de476031d342a64e9315b1674d405861d26efe942d3dbfb2074f739b3d55f39a75920a4947b962e84717451dc785fe90398d7f75fb90ad7febf69fd484caa350b859592fbe3053014e4d3dbb6c921c40060c6f3b41fa0c0a7a5fa833b0160bda68321250016190a3a0a736d5670e1705702200483e0d92890e71170b5de2900e59a0e8775f9f7c032770e0cf78f81adcd0dbde4f9c5655e6c20643603d42384c8e387fcbec80384e8377fd128042f7e05dfd1630835ded4c2f89ee130dbd22221c239ec70ac5b25668799989d97a10f06e29e2078f3669c5f0859ac084e992c6eb36c70c7ba2d10d49f3aeb49884800544b8971d4df9bee2b86e9f1476118332a72dce072c1c492a00a09de8a4f77f3a347831f11ed99835ffd07dd078ea09b9ca340d1a14a224b89f52b296a2c1c0e0755753619621c59002f8de383d4a66542d5df7af932385e9ede5602100c0604a64e05144362031db7529309d45f1727493aa86904aedde80f005952f4b6d3e259b3cb90f3dc92c844679039b198fe9bed33ef2e826a6e865161b012003f7224f8e262719b358dd8dc80917c43789f4da8bab6ef81e7a3db7a6ff2b4b80421ed891163d108dcbbe537e00cfa84bf33c33b3aa36d97a35a6161b54088ae768d0520e8743d6fdf688c1c73d8edf1b143f8fc208fffaefa3502750de902904f8c4800d29e1a1b56b14c9cf115eaeb113a7e1cbaf27231f6e7b89ed9203f3505bf229a333536c2d0d29210003f7c38f8316364e7b3b499d96ceef519d84cf2adad3bd3313ef1d4980421e5c9511d85b5057bb641470fe8ddbd1bbe03efc2fec68bf0df984fbee04d0a7a9e92bdfdb07081404f2d500010e82d072693e74f30744e560b4204f8fa92950851f89ca2249e1c9500a43c3d6e9ffb3072963d2d6eb76cde8cf6ca4ae46d590dfecc0a18cb2a609afd0abc14e7c7394312d3f5eb304801501840282f0fc104e930d1f911142e4962c5b5732f3a8f7e988af1c9a7c72508292d90c8dfb20e66eaeed83497a7d6892019651e370a82fb22b821c5b00c1f8fc1831c08d01bf751531062da3d47fbd62b576400020f3c00212b3a2a67065ba8ea1b63fc416fc2c60e8dabd6a50220f9020909409f4b648cc58518beed5571bbcbeba5b71c3f736b205f60b35ac56d36f3e353748de66bd7a0a7d0970108e5e420386142cc7f0da2f1ba2433cb4ab9b1f26504ae265d5192da12190942d24552d629df808d345d091080a01407e8080873862182102a2840487afbac9b331ad24f50759d3d0f2f692f92fa22a9180899bb4c2e0642e62e94940064f652590942e62e965640c8cce5f2311032f783090588ccfc64460121733f9a8a8190b99fcd294064e68793094064e6a7b3094064e6c7d349800ce8cfe7ff07098935dd5668a89a0000000049454e44ae426082, '0912345678', '10.0.104.95', '在線上'),
(13, 'g', 'g@gmail.com', '123', '小王', 0x89504e470d0a1a0a0000000d4948445200000040000000400806000000aa6971de000007554944415478dae55b696c1555143e6feff25a28484bad9642486983d84ad45648136c1150a2a0a0bf544010718120b12e84481444100308411251a85b941ffc30b214450d101590d56029c8526d2958a0fbf2fa96d6ef4ce79576dabecefe4af892933bd0fbeeccf9eeb9e79e7be68c850cc6eb074e8f40f3002403920649812440e2245dab20ff414a20c5909390df3fc8493f63e4f3590c50d886663c641a6432e4768d4396437642b643f68290409f24008a0f46f322648e0e4a8722e353c8261071a54f1000c513d12c813c0789304871293c902d90e520e272580880e20e348b44e5dd26292e453d93005903227ca61100e533d17c09b92b4c8a4b710af20c4838613801507e3e9ad51057b8b596a019920f12361842001477a2f9043223dc9af68202c80b20c2ab1b01503e0acd77d4b6bddd0cd80b9902121a3513202aff33242bdc5a29c421486e6f24842440347b0e426e969997822d6172a8e5d01b015bd1cc0cb7161a51000266292640f4f6ebc3fdf43a61414fbb43b70488fbfc41ea7b5b9d5af01699dd5d9cd0850031c23b467d27c8d10b1c2c8d96468cdd11f0069a95e17e5a83f0260858d52301e2c1e62c191cdbf773da69d46d319410e5a296d6562aadf7d09f576bc9dbd26a34017c7648ed78809212b011cd4b46dd3de06da60929f1949b924076abb5f393f9fcb4e342051d071106e36310f0721702c4f37c09e9ecf85a31c3dec606f2d6d5d0dcac919479e7e090fd775daca07d972a8d24808fd24383f9848e04bc83e66dbdeed2120850737d2d79ea6a71eda709e9c3e8a9d1e9b27efbcd99723a61ac25bc0b0296b61320a6b1fe251d32397e9f973cb535d4dc50c7d3dffeffab1fcfa3b82879f992ea661fadfce33c19e81138b394cce9b5200113d114aa1d8dcddce76982e2d5422b85dbe5a475d31f5234e6eaa317e85a93ac039d5a4c02017b8204f031f779c58ab7b40833cd331ef0f79c9071bb1c206082a2b1379c28a1b27a8f91046c06017383045c2205e61ff0fbb1b66b8435ce24c8c19a27c6536ca47cffbaecd0dfd819744d004b510e02922c62debe58ce2f7c1e0f14af16bcba12c46009bc9a9745c971b1b2fa5fc2ccaf87059880342660262eb6f6d4a36d1bab17ccdcef6d5675978ca4789a3fee3ed9fd03b8e79653a574aea6d77c8656ccb2e4ef2f5a6bb158164affc2db980726de0c53e76b2db0592db4fcd17134c81d25abbf1f11e187708255cdaa12bd4ab08e09d80d0226b5df1cb32cacef86fa4edb9856dc9b9c48f37246cbeafbc33f57e9a7d2eb462bcf28e425701a669ee66b6a1414ef6e1bd3036c05f9e3b369f8a00121fb79fc015a79e43c35f9e539578d28b6ccdf79b0128ac7b5f80d37371a32a01f2d99349660713df63980307807c26193506599fdd50ec38f601d31674c26650f4deaf66f0d3810ad3976d1e8edaf134c27c065b7d1d24772283e26ba8bf25bff2a138ec666c25402e263a268fa3de994999440566be765500b8fffebe56ada5776ddc83340f80888763a68f1c4b194101b1db2dff18a5ada76b6dc341298806ab4fd8cbc09ef008b72b36844c24059fd4d244170825c82926ad41dd2a0f49330fb210395715c56d744bb4aaed27963a3c16226808fc113f51e39a97f0c4dcb4ca3bb11066bc1e9ca7a2a0411571ad585e1bda09009f808170bf41ab13f4e7c533346d098617790d5a24f050e274e8f56d42042bc46b55ebf9e04ac6302b8b4e533ad237192736a462ae5a6a690d36ed3f321dbe10bb460a7a8a21f41845f9f307d1613c089ba22ad23850a70f4c63158c3b6b39a4a838248136c1424708e2c51cb48ef4f7950f6694f2b2a3d5e5a75e482d661da122222015c7a365bed489cece4a4a7995871f81cd568f30737526220e06134bbd48e949d924473c6669a4ac0b767cab5be44b991140501ecb54a49e5329891358a7286279b4ac0e12bd5b4fd9cea5ac9ce6971918465d456f3a7182b1e1bd7e57063343865cea97395e8fc62442480df595d2485d59ee158ff41a8f403ddbf1a1349d884669e92d138d25ba020e1a9270a8aca844851213642f95782ff9012c0ef06f86c20fbf538a7baf3d2869aaebc1581d7e14a0f95372a7a7b14faf5b848c25b685698ae914c3822a3c8e58e21676474c8d45a0f085d202112c02532c72123c3ad6c1056bb8322a0b42b3a06d776b5c3c82b911149e0fcf56f14c622299e5d67945b986d4744a4d6e1e417497520815f96ac355b71bb2b4250da05e52d922a120d505626d78184cfd13c6bb4d2169b4d306f36739bc3a9f7f0ea0a254502f8697643728d509c1d9960e2706c2a1c9a1c682b951549e023de2f90fbf578229e6157d0a1d98cc91b88e042cf3c4dc5d21212be27959660b158c919ed164c9cd7b809d0af5cbe0309bc1c3693029fc0de9b67da1915ada743eb0d05a4f7071312227877e04ad26eb748abcdde66e2ecd0ec0eb3946618fbc98c84048e13bea0f660c922cc7270cf36c8a1850207394f43f9934a7fa8fa49677fbdd361b5da5e8b8cedbfd8e976bb716db6d28cf07c36d7110bf71c49c4ac2fc11a37f3c3492e62e00f27df0bdb879352e4ef2f1a0cd3bff53e9d95e296fd783a04217dfaf3f9ff012861d07fe747bc4e0000000049454e44ae426082, '0987654321', '10.0.100.172', '在線上'),
(14, 'h', 'h@gmail.com', '123', '外星人', 0x89504e470d0a1a0a0000000d4948445200000040000000400806000000aa6971de0000089e4944415478dae59b0b7054d519c7ff9bc726311bf2c298b0e15db241d2eaa4e828117586a7a90aa68a4879983a82d0c4620514318908894a00b5e64192ced05450db9014191f0333da82115a2db122af84094413c3434910210a841cbfb3dccdecbd7bb3bbe7ec0d89b3ff996feee666cfddfbfdee39df39e73be79ad0cb6a9a36cf4a87716437908d261b461647164d16a27ced02593bd9295e84ec10d9e764bb87bd5df9756fde9fa9171ce6d7bc95ec7eb274b2241f7e87913590bd47b6856c0f0161fd1200391e458747151b65e44d3ae9085905370271a65f0020c779555e42964d16d14b8e6bf53dd96b646b09447b9f0020c703e8b0806c1559ec55725cabd36439646504a2ebaa0120e77915afc495b6de1fb4876c1e4138d2eb00c8f9d9742825b3f4b5d71a9d235b481036f50a00a5caaf23fba348b9ab2cde43bc4af6a4b74dc22b47c879331dde24cbe86b0fbd540dd94304e1a2cf0014e7b792ddd5d75e09ea7db2e99e20b805a054fb2afc7c9ebc56bc263ce0ae397802f0321d16f7b5173eea1502f084300025daff0dfd37e0792b1e18e7f6d43be83aa7f4f37530b0ab3359c2611e3618c1d67804c64423203202a6a020b49f6e032e75829def00ce7c079cfc16683d01fc78c14808bc8b4cd51b27b80050da7d2d0c18e4048f188af0db6e4668eaaf601e9a0893c99577f3d7ad2ee7581735d996e3c0c106b0bdfb08c8492320f0c1d26dda78a00760211d4a7cf9a5b05b523120e337084d1ae9f1bb7a00d43418d8d12fc176ec02f61ff615c2220250da23006562c3ab89d4d83e68503c62b332117abdcdeb321e0138b3a86f047be39fc0b76db200f8dc6194f3044a0b209f0ecfc85cf99af1b720f60f9908080d112a2702c00e816203db540d7cb65f1642010158e1024099cf7f058929ade5ee49887964966e1b371a801d4217358baa6dc0aeffca00e053e9218e7c823380a57458237ab56beeb8150317cf97725e164037848d6f515ff5854cf16504a0b01b8092c6aa87602687b7f984f52b85abbd1100ec10787378e1359998c0e39c8da7d71c0078d2f263d1abc43db7046137a6483be02b003b8403f56025953245d308c06e0780f5747842a474484a32e2573fedd3cd1b018077935debcb01ea2a05f53201f8930300ef60bdefbb4803972e4278dacd7d0f8033f8f4ff607ffd8768b17a02906c52f2f6cd1019f3070761f0ebc53eb57d4301f058b06c157059282dc8e70883398007e88310be903136c4e72ff7f9c68d02c0d5b5ae4ca619cce00056d3871522a52ce913103b7f4eff02f0e6569ac17c225a2c9f03a0619558c2232a732622a74d555f29bf0066b319d1d1d1484cb422397934860e1de2717ce00900a32077bcb5158d8d8d3879e204be3b7b16972e5dc2630b17aabfb76327d8dbdb4501d470007be943aa48a9181af2464cba43756ee2c449f61b7356424202d2d3ef424646062c16fd99754f003a3a3ab063fb76ecdcb913df9c3aa5fa5f7070303656aabb3eb6eb3f607fdf260aa08e03e00130510840d6ef1131f176d5b9e9d3ef437bbbfe224d545414962d5b8ab4b434af00d4d5d5e12fe5e5384b4f5b4f919191282e554deac0a8fa33de0cc4d4c201f06441b848a9a8793310795fbaea5c76f6e3d8b76f5f8f65785358befc694c9932c52d80da8f3e42d9860df6aadf936cc9c9c8c9cd5503d8fe6fb06d3b44019ce70078bd0d1229153e713c06663da23a574e4f6cf3e637dc960b0c0c44293d399b2d491740d3b163c823c72e5fbeecf63af7dc7b2f1e9c395375aeabb20af8e43351009d5200f81cc05af2a2eadce1c387b160c1631ecb8e193306c5c545ddc1d101803ff1e757aec49186068fd758b57a35868f18a10690b756664ed029d504b812fe9c0ff3106bf7dfdc81acac6cecdfef799e5e565646bd844d05e0d8d1a3c879f6598f65939292909397a7ea5d584b2b4d8a8a445de03a2f1504b9222806c4502c70d6c18387084296c72afcf0c3f3909999a90250535d6d37770a0808401ed5929123d5a9b6aeea77810f85e7725c2d52dd2017cff22656ac45405898ea7c55d5161415b97f1a6969e3505050a002b07edd3ad4edddebb6dc9cb9733165aa7afcc13a7e00cba5a9fd0f3fca00a8931a08391439fbb788baff1e97f3d5d535282929416767a76e399bcd4641b34c052097aaff516a067ae2c1f37773e660f2e4c92eff63ef7d00f6ee0732b7cf5523351476c814168a41c52f202826dae57ff5f50dd8b0a194fa74d7c8ccdb714545b90a40ce8a153846bd80563c683e346b16860d1feeea7cfb19b0e75f012e7a5c03ed49f95293216785a5dd846b972cea71c8dbd4d484dada5a0a8e07d0dcdc8cb6b636a4a4a4a0b0708d0a40e14b2fa1817a003ec8e123c85104e9d763c7c26ab5eaff30cf03546c063e3f287beb5c33e4a6c31ac52e9e0fcb9de3a4ca4ae704f7fc0f6c538d2fce5f990ef34f32091167f1a610bf360f666bc25501c08e9f045b53ea4bd5e7ba9210510008a7c4b40a1a741de2d7e422d02236a4105e1738771eacb0d497c51187542931a9a4a8563c511297fb240242ccbd02805db80856b45126f1a1275552542a2daea7d0b13720eea96c9882bd1b5d7b0b80f115e4b2d78143c21bc1f4a44e8b2b10a416467421a4fe12d712046f6a823700ec4f9e3b5fdf68c4ed71a917461400d24b637a328f1e85b8e58f237080fbcb79cc089d3d77c5f9a666a39cd75f1a5320482f8eea29303ece0e81ef0d9001c05a8e93f39b80369f76c36aa5bf38aa00f069795c4f266a06d18fce8665c278af3748d8f7047cfc29d89677ecbb470c94fbe5710582cf1b24f4147ad38d885d3017410363dc0260a7dbc1deda4a534b43829d56ee374828000cdb22a315af0d11d3a662c0dd93ba6343774284b7f57fd1cf7eb81be834f4a93be4dd16190582e19ba4543f6a36db6b44e8e85fe00cb56fd648fdfa8186de729ccbfb4d524e10fc779b9c1304ffdd28a900f0efadb20a04ffdd2cad81e09fdbe59d20f8ef0b131a10fef9ca8c0682ffbe34e504c17f5f9bd380f0cf17277540f8e7abb33a20fcf3e5693740faf5ebf33f01bd31acce75311c770000000049454e44ae426082, '0912111222', '10.0.104.95', '已離線');

--
-- 已傾印資料表的索引
--

--
-- 資料表索引 `chatroom`
--
ALTER TABLE `chatroom`
  ADD PRIMARY KEY (`RoomNumber`);

--
-- 資料表索引 `friendlist`
--
ALTER TABLE `friendlist`
  ADD PRIMARY KEY (`FriendNumber`),
  ADD KEY `Friend` (`Friend`);

--
-- 資料表索引 `message`
--
ALTER TABLE `message`
  ADD PRIMARY KEY (`MessageNumber`),
  ADD KEY `RoomNumber` (`RoomNumber`),
  ADD KEY `Sender` (`Sender`);

--
-- 資料表索引 `roommember`
--
ALTER TABLE `roommember`
  ADD PRIMARY KEY (`RoomNumber`,`MemberNumber`),
  ADD KEY `MemberNumber` (`MemberNumber`);

--
-- 資料表索引 `userdata`
--
ALTER TABLE `userdata`
  ADD PRIMARY KEY (`UserNumber`);

--
-- 在傾印的資料表使用自動遞增(AUTO_INCREMENT)
--

--
-- 使用資料表自動遞增(AUTO_INCREMENT) `chatroom`
--
ALTER TABLE `chatroom`
  MODIFY `RoomNumber` int(11) NOT NULL AUTO_INCREMENT, AUTO_INCREMENT=14;

--
-- 使用資料表自動遞增(AUTO_INCREMENT) `message`
--
ALTER TABLE `message`
  MODIFY `MessageNumber` int(255) NOT NULL AUTO_INCREMENT, AUTO_INCREMENT=539;

--
-- 使用資料表自動遞增(AUTO_INCREMENT) `userdata`
--
ALTER TABLE `userdata`
  MODIFY `UserNumber` int(10) NOT NULL AUTO_INCREMENT, AUTO_INCREMENT=15;

--
-- 已傾印資料表的限制式
--

--
-- 資料表的限制式 `friendlist`
--
ALTER TABLE `friendlist`
  ADD CONSTRAINT `friendlist_ibfk_1` FOREIGN KEY (`Friend`) REFERENCES `userdata` (`UserNumber`);

--
-- 資料表的限制式 `message`
--
ALTER TABLE `message`
  ADD CONSTRAINT `message_ibfk_1` FOREIGN KEY (`RoomNumber`) REFERENCES `chatroom` (`RoomNumber`),
  ADD CONSTRAINT `message_ibfk_2` FOREIGN KEY (`Sender`) REFERENCES `userdata` (`UserNumber`);

--
-- 資料表的限制式 `roommember`
--
ALTER TABLE `roommember`
  ADD CONSTRAINT `roommember_ibfk_1` FOREIGN KEY (`MemberNumber`) REFERENCES `userdata` (`UserNumber`),
  ADD CONSTRAINT `roommember_ibfk_2` FOREIGN KEY (`RoomNumber`) REFERENCES `chatroom` (`RoomNumber`);
COMMIT;

/*!40101 SET CHARACTER_SET_CLIENT=@OLD_CHARACTER_SET_CLIENT */;
/*!40101 SET CHARACTER_SET_RESULTS=@OLD_CHARACTER_SET_RESULTS */;
/*!40101 SET COLLATION_CONNECTION=@OLD_COLLATION_CONNECTION */;
